Wallet,Kittens
0x608c9fdf4db38c6b83d3d6a3150ac8d89f3ace5f,26
0x3f2e3d897aaf54635f2852c64aa5a7b25a544b3c,18
0xb5a84d23d20f142deadccdc57e5132c91a1316e4,15
0x1284441da4131602ee6ba7c07773a3e839cb2fbd,14
0xb40adab830717ea09882397113cee5906a46349c,13
0xd039e61283d9b209d1fc2d639b13983ec232d86c,12
0x38e0a09438c4d2e03cf5d9a439445a73ff1d984a,9
0x89177787e8b88b6b95cfcd0501e79bdd05d370ca,7
0xe7a9635bb381725f7b69b6344b3d0b2e73a87376,7
0x2377eb3fc4366ae614cbe7848e20d55e6a83535e,6
0xf7b10d603907658f690da534e9b7dbc4dab3e2d6,6
0x1d86a10a4f24141db5cac91b61f10964d567534f,5
0x7bb29f4a00abb2fe9b3e746a3365c8529d15e212,5
0xa7ea5d8d8d5f99b5461c5820604c353e0ad502c9,5
0xb10c1cbc2baefc70485deda49f63f2e39af60046,5
0xb6af0e59e41f75552af00138a9f62acaef2b6254,5
0x00af9f28e3ce8daebb4de7a18248b576ed41033d,4
0x075c3ad6ae22f995dbf89671c5f166343b4d415d,4
0x08589a0f5fcf62001d59cc671f4fd042548be138,4
0x34bbcf2729f6fbd34de18fc33e81a00dcb8b6495,4
0x691cc312ccdb218bf71205c4a66304398746bfe5,4
0x69e232eb28588e1f752faa2005ce9e5143abbe11,4
0x8710a316bdc379dd32f830e15619b0fac15a4fcf,4
0x0f961f594450e67d78557b444b90eff8eb7c5a34,3
0x1d2262c36e141549b9670ac2a98a4e44f7831953,3
0x1f48e4f671f08a2cb28d3304f8eecea0f144a49c,3
0x23e6c93009899acb081b20d2de560c9b430c4789,3
0x5b87102358a61bc9a6d32b20b121bbfd2a535c8d,3
0x5be23c89d199af854e16d5d30a2c5ba333c39f00,3
0x6c99a69537aa5f3a1e2d846b8b85573d46d45e45,3
0x7fd9a6c5af09751f23ecfd011f698e1abb7f476b,3
0x85065119125ba4bdd99467d2f0336ddd460e5eca,3
0x955534f5608e48e80fbf268a523387f19d0881b8,3
0xa009474591883ee577b8266f7a437aaea8c48bc4,3
0xc49f6640011c84d337671119fee3746492b3f593,3
0xd5d15912175b1393583d0e394f1bcdf060db1ae9,3
0xd92debeb24eea22b06e281669a2ba4fb57512adf,3
0xe2b1fe3cd6d9f652ddedda1d4cceef8443664b5f,3
0xe74954d228244ea365baffc4e383b7af710fa8c4,3
0xeb52de64e1d3904e8cda95b0bf292ad5a6628edb,3
0x027d5da06e4202dfb77277411857cd96f561b220,2
0x04e06c217a2f3a013ec8c24b6cc4000dc6e8ce09,2
0x05129b2274abff2989bd8bce501a3097248becea,2
0x0e7e4a17b79d18870d55e5c6245e8b08068af5d0,2
0x1b88c60addd589c218d1b413e5ce494f210e7f7f,2
0x222b47fa41f3a0977b5ee294bdba0e8bb6a5fa9c,2
0x22bb582971e3b9c206b43bb6bcad5e85e591d0c1,2
0x22de2b639777fb40679f7621fe40c43c27a30d10,2
0x3e522051a9b1958aa1e828ac24afba4a551df37d,2
0x5bbc737d4f0c1da3a8e33a67f0a388add63c0e0e,2
0x62298abb37e418150b7f89c3d992877141832fb7,2
0x70b70e0658f81d56c30e43b71be3922ec4af213e,2
0x7ddc509638c4e31d729a96d29ad24aa5ebe5f4d9,2
0x83f741fd08ae9286589b3c618b9371f424196178,2
0x848a9126ff57004aa8bfdc99384f36a4754d4367,2
0x9324829ccd07b08c8d27096308f37d7cc6ea6edf,2
0x9b87ca95aab76358a49f028c8dab6cd2fac58a34,2
0xa1acaddd259649d470b42c95738e5e89c8d8a233,2
0xa2f3ea4cee1feb758aff8a7a2223b2b8ce4ab640,2
0xa76d71f0bac94aa68991b2aaaecd607252ffaa98,2
0xa89cb656d352f1dd7b1bbc3de2c4283a03b0d3e0,2
0xabe8b36b5cd7bf06921ee9afdea5453a10a8ea1c,2
0xb3792f424f8a8c65b8ff8430ec6859fb1187c0c1,2
0xbc1363934e2621068701f19f8da61a7b3a3d2dd2,2
0xd51adc60b162466aef6bc83a35c2827c0132e0a7,2
0xdb5feb38b950c36eebf018aa43cfec527b57ffe0,2
0xffb0156e3a4eb05caab3615c3c354fe6e715401a,2
0x00139f52e71c80bc71b3fbd2bdb908b56beef1e1,1
0x03cc4c4f2e738fde07c668524d5dc2b4902901a1,1
0x0565b1da67990505ae29670e267ae9ed4377234c,1
0x06f667cd96735f1850799baa0917800e7d0beb39,1
0x071df5885136d8a9a0919fa012a9006bf8c383a0,1
0x07a88828246c2134915e16a62ecbaa3ff6fc583b,1
0x0a60dd066b3392245e76abeb0a18a0ed57a6cfe2,1
0x0b431f91c54c303ae29e4023a70da6cadeb0d387,1
0x0bb2f9f50d7017118e0ade7726f25dc22426768b,1
0x0d0b4d7fd2225b701a58dce8d55d2529f58cf043,1
0x144154ab002484f12bfa2ba784a19bb4814c91cf,1
0x1639f8053db9eea72c6c83df77b537e86a4ea1f6,1
0x169bd01df806a84f8164aeab5d6833cc9979afc6,1
0x16b85bb234a07ac704908e4239b67c400eb8ec05,1
0x16fd26ec3c3fcb7fc8174008ddeb91b9effc28fd,1
0x19a2cc4aa6ff28825ec44ea60d8ef4b5c088da78,1
0x26dcb0d7d48aa979da81f2fce331ce6e028b00d7,1
0x314ccf825697bb329de48f7ec1ae1f0861d30aa3,1
0x3185ddfff8b402805a9931c649b9a9640a17acf1,1
0x31dbc78d934bedf4fe66138a912effac287f41ed,1
0x324af2e5eccbb8293dae0d9d43445855579f8701,1
0x32f31ae0f8d782a97406bb06c0a4eea71792fe15,1
0x33f0fc0db177992997f83dc1e707b5ca5252fb75,1
0x362c51b56d3c8f79aecf367ff301d1afd42edcea,1
0x391d326358f23643f24c05d5df41f380c6a9861a,1
0x3ad43309309596d287ebd17b96550015c5469837,1
0x3f658a10809a7a0edaa299b8e6cdef2ef4837e19,1
0x3fe4d66a0d8c242cb07a790c1b3b0f060c5fe73c,1
0x41ba3a87dd4876e58c7e531f874cab14de8ee023,1
0x423c338e8e9def340b41defdc5dea83e6fe4b35e,1
0x45e5d35f5f80eeb115cafc81b01978ab2eaef6b2,1
0x4676cf960ea6a1008fb4f259d1211dc65fa78ca9,1
0x47371c8a834861dad7aad19665ca99df04f5e5ac,1
0x48d7ca3aa62afec50f7656d5f8e8dbb074f3a5e2,1
0x4911a706718d0b54e3587e5661665664b4ceddf1,1
0x4cc924c30d8943e8547c052369c2933bb54ddc88,1
0x5430b41029916cb31b02b85dc7855adfb63b1d96,1
0x55653dcf388cdb8ab364c8e9f392e9c72ac2c009,1
0x567af869c6c26c8c8650e29602712f5172edc57a,1
0x56ec2cebd7b7a163218a789ca0f2826012721ed6,1
0x583022b0ccccef6e58ab978a7ae9032b4cabf989,1
0x5bfaad4a04ab0fab6d206c9ea1144da886d31f9a,1
0x63dde9505cf7961d164d9110faf37b5bff2c8249,1
0x68ab53ba88bf54dabb997235d55c07ed5c2aed45,1
0x693cb5328c0b784c67d879a8a5e343188d4c53fc,1
0x6a99812e3d761bf76c6dc9b938d66b8119f6eebb,1
0x6c6065e832cceea4f908d8710182e9353f213915,1
0x6fcec355d1c8b43f3fe89874299bacbf6c65a6d7,1
0x745c4dde64199ce3ddadbd97902948cae8b2c9db,1
0x763e029942b63e20bb2ebfb50609fa5a0075e6d1,1
0x78a06b0cc219df94d1c7ad4a08611f07ec70a0e3,1
0x793a7dad6b6a9853c87a3f4050151dd5282db29c,1
0x7ab92ce66c975c9e2dabbb9c682a794eb0a7425b,1
0x7c04b4f1a1063ef23d69d9b2e3f1fea6cea035c9,1
0x7c5143ba8625ab4cbf680435362e8706e678b9d5,1
0x7c733aa2eec0863b8bac4d16f257ca911779f60c,1
0x7d8692b1e941766cfbd0520d60b52302c509724a,1
0x7d93f170dfd65d14d58682678b7a0d171f287c93,1
0x7ee7616a71c68603817002c83737362e9ea55187,1
0x7f510a76357a650f091660ecf27a58f96cbdfeec,1
0x80a45d4df3b6e58ce436eca697f98fd5fefa0536,1
0x80b34c00e17ebaf630de1e098935e997df14f41f,1
0x8673b25951e43231b547b6e6130e2519ad058614,1
0x86ab846eab1db8ed6f410cbc7c5497de0b7b4536,1
0x88ec8e63db2f705e518e628bcb6cbbb0a4f170b8,1
0x8970e6e97357de9c9b7a80f20d3efc66f7051b90,1
0x8c3e41afab62df84453442af2a9cb47317c47e42,1
0x977421c702bb70a6705455a8a2cdb4fba3604673,1
0x985cb8ff5518c0d6761575635e65b8165b452907,1
0x9945daf5dcd39c9a3556d27c16af343765e5630c,1
0x9c106370424c453ecb9b9cdd9c13530ba63ea1c9,1
0x9cf2807b3c01b35ce3310b5b70228c64c9008f44,1
0x9e1976f59d36ce69e2fc266938d352030d83e585,1
0x9f89456013ba0387e48274710b87bb11d24eeec7,1
0xa48b8c306ad15fa98d30afa4875c48ecd701e913,1
0xa5074308699a4193389965b40c999489abfc3eb1,1
0xae0b968e3d07a0f1f619b3cd2fc552ec2f8f9fb9,1
0xb7a83693ce53809c2102c90ec3529319217e052c,1
0xc10f558700972312119afbc7b6ebeddc8e8ef4bc,1
0xc3b6d4a0637379b5f52c129be0fb636e35148bf3,1
0xc6e0d6a07e2d0e0024e8265b00e1311629a4420b,1
0xc854d93af2f337495f189a968e3f0d00f0360e7a,1
0xc95c18fcf94e459411dce61bc9fba71a0c67c5a8,1
0xcc17108a486e86cdb793e1618fe73f12ae923f2b,1
0xd24cdee62cd137b8f49f48be913b5322cca5709e,1
0xd4002c9142f9aad2972cc9cba6d91dd9329780f7,1
0xda38aff9d34ff382f12a1de111a10491566b9876,1
0xdd74dd2697206a910c42f9f5ef8c760a306483b8,1
0xe0c0a67871cc836c6958acc09cd4a2488efa1cd8,1
0xe592783bf90e5c875dfaf4582575cfc864b5fb6c,1
0xeca50dbdfeb74fed7e10a273b82b09c7256969ad,1
0xee03dc317e29538d13e48ead97ead3d6243efb41,1
0xef6dfc2e5e805b455d5449d2988a9604436645df,1
0xf0a4db1e64f81980eafffe35fb8c547bbce0e540,1
0xf3c622de56498685ca45caffbcdaa6db4cace85b,1
0xf3cfdc95f320a30ee5d13f2987cedd6bdf9f082e,1
0xf4e54f07d97778e126206f465ca3f1b4006d0bf3,1
0xf8a8dbddade2c268ed8c000480456a927a45cff4,1
0xfc3778f4b877b25a2a6b501a6bd987bb6b43f7e0,1
0xfdb68694a86757883b7d48a6a6903a353b90afbd,1
0xfe67ca141d79d4fa34da48695c53bbcb94ed9455,1
0xffd97ae16c5022d0604310e01f2a7dd673252ba2,1